druid,apo,catkey,message
druid:gy373hv0042,,,0000008628
druid:cf035hd1925,,,0000007824
druid:cs239bh3255,,,0000007842
druid:xp814cy0795,,,0000008100
druid:pf040vx9525,,,0000007849
druid:hv907hd1782,,,0000007820
druid:jf578zx5215,,,0000008629
druid:vn317tg8112,,,0000008098
druid:dy471qr5529,,,0000008101
druid:nf061yw7253,,,0000007850
druid:rq121hk2353,,,0000008607
druid:jq267xv5878,,,0000007856
druid:qk074yj2401,,,0000007858
druid:my551ch6152,,,0000008386
druid:dh599sy1684,,,0000007859
druid:fw572xt2857,,,0000007861
druid:hf634zg5572,,,0000007862
druid:ss656fq4783,,,0000007865
druid:rg789xp1344,,,0000008631
druid:pb930bw1171,,,0000007868
druid:ss540bz6824,,,0000007869
druid:hq441vp2267,,,0000008630
druid:xy319cq8534,,,0000008103
druid:jw049yx4141,,,0000007840
druid:vr626yv2209,,,0000008104
druid:gt812hf5806,,,0000007871
druid:tm218rq8189,,,0000008422
druid:bz956py2372,,,0000008589
druid:nc754hr8608,,,0000007872
druid:fg572nr1523,,,0000007852
druid:jd324gg3461,,,0000007873
druid:bs735yg2454,,,0000008595
druid:gj525by2383,,,0000007848
druid:mp788rm2972,,,0000008605
druid:kh225fz5510,,,0000007874
druid:xw137tj3630,,,0000008105
druid:sz391xt6437,,,0000007876
druid:kc729fm8609,,,0000008102
druid:tm369mg1976,,,0000008107
druid:ph778fy8817,,,0000008108
druid:wp321ps9245,,,0000007877
druid:wj046mc7612,,,0000008504
druid:ds492kr5116,,,0000007878
druid:mw020mq5979,,,0000008109
druid:db259br0745,,,0000007879
druid:cp710tm9643,,,0000008106
druid:ck681vy6518,,,0000008632
druid:kf427yp0284,,,0000008626
druid:ps684rd5717,,,0000007881
druid:gj828vr5382,,,0000008593
druid:yd574ws4040,,,0000008594
druid:dt303hw3940,,,0000007882
druid:wc099nh9969,,,0000008584
druid:fr646ms1849,,,0000008418
druid:rb183bt2394,,,0000007884
druid:cd179rs7107,,,0000007885
druid:ts729tp9569,,,0000008494
druid:qn748xj5785,,,0000007866
druid:tz043pz7136,,,0000008533
druid:tf457rx6653,,,0000007886
druid:dp797rg4331,,,0000008599
druid:xv800tf0744,,,0000007887
druid:wv789zf4727,,,0000008112
druid:jb111ff2523,,,0000008538
druid:zt094rb4985,,,0000008483
druid:hm620cw8974,,,0000008113
druid:hd185ts2885,,,0000008457
druid:zp242xq4947,,,0000008573
druid:dc485rs8605,,,0000007891
druid:rp793zc0692,,,0000008110
druid:jd729sz4030,,,0000008579
druid:ct402rn6407,,,0000007892
druid:fm937nv5666,,,0000008111
druid:rb417tg7423,,,0000008115
druid:cw073cr7141,,,0000007893
druid:bm976xq4828,,,0000008633
druid:df369jx6607,,,0000008634
druid:jk443zm4812,,,0000007894
druid:bs239hq7077,,,0000008116
druid:sn625ym9948,,,0000008117
druid:cy754gj0851,,,0000008635
druid:js204xj3441,,,0000007898
druid:rd682hp9672,,,0000008637
druid:bp348vv0678,,,0000007899
druid:vb932jc7079,,,0000008118
druid:dt191hq1790,,,0000007900
druid:vw505cq4912,,,0000007903
druid:cf749my9471,,,0000008636
druid:wd030qg9099,,,0000008119
druid:ms664qz9762,,,0000008120
druid:nr577pc5759,,,0000008638
druid:bg169vz8806,,,0000007904
druid:pc195xt9960,,,0000007905
druid:ns578gh6849,,,0000007906
druid:wz675wh5269,,,0000008121
druid:qr026jm2061,,,0000007912
druid:kp193fn2402,,,0000008123
druid:yy912ts8926,,,0000007911
druid:vy350mr1814,,,0000008122
druid:dy068ws9175,,,0000007913
druid:dv682bc4758,,,0000008114
druid:bx081nj4567,,,0000008639
druid:fm088ys8830,,,0000007914
druid:bm034fk0925,,,0000008640
druid:tw191wd7279,,,0000007875
druid:zs417jy3688,,,0000007917
druid:fh235vx4123,,,0000008125
druid:bf376sg2406,,,0000008126
druid:ch596kc3714,,,0000008127
druid:bc479rk2520,,,0000008128
druid:tt947kz0351,,,0000008642
druid:nc076bh6517,,,0000008643
druid:fm526pd1061,,,0000008129
druid:ss291bh6739,,,0000008131
druid:yb946pd3978,,,0000008132
druid:yb423rt2340,,,0000007922
druid:py755cx8943,,,0000007921
druid:vr097zp4337,,,0000008646
druid:pb213sq3146,,,0000008134
druid:vt306tq8437,,,0000008133
druid:gg875tt3417,,,0000008647
druid:pq377kc2214,,,0000007925
druid:gk038vf2983,,,0000007915
druid:tr603hk7550,,,0000007926
druid:wm227tw0286,,,0000007927
druid:kc978fq8049,,,0000008137
druid:vb994fn0142,,,0000007929
druid:pc348cd0570,,,0000008135
druid:fy030yz2454,,,0000008650
druid:rb312hx0383,,,0000008644
druid:rr389xq7481,,,0000007928
druid:fy131zh9362,,,0000007930
druid:hp148tk6840,,,0000008645
druid:hb552bd1243,,,0000008140
druid:jy639yg0904,,,0000007931
druid:gn691yy6655,,,0000008142
druid:sz396vy1186,,,0000008648
druid:ss718wm6829,,,0000008144
druid:tb093df1696,,,0000007933
druid:py494zr4267,,,0000007934
druid:gx802sf1362,,,0000007936
druid:jg283yc2540,,,0000008145
druid:qw600td1305,,,0000007937
druid:tg613sm4210,,,0000008143
druid:vq940fz7020,,,0000008148
druid:vq561kv6327,,,0000007940
druid:yc297vt2012,,,0000008146
druid:hx102zx3813,,,0000008147
druid:jh603br5024,,,0000007941
druid:wf422xr5769,,,0000007942
druid:qb131rh2477,,,0000008136
druid:kb768wv0832,,,0000008141
druid:wm230jp2195,,,0000007923
druid:jd099pp7187,,,0000007944
druid:rn953ms0042,,,0000007945
druid:tf389jd0420,,,0000008649
druid:gs214kp4154,,,0000007949
druid:qv539yx3461,,,0000007947
druid:tv170vg2911,,,0000007948
druid:tp318rt3400,,,0000008150
druid:fv856hm0269,,,0000007950
druid:cg015rd8519,,,0000007953
druid:yt267zd9190,,,0000008655
druid:qk428nb2016,,,0000008153
druid:dv811yr0107,,,0000008124
druid:fh227xw4944,,,0000008656
druid:rj618tn3278,,,0000007963
druid:tm957jn4148,,,0000008651
druid:bv684by1331,,,0000007951
druid:fx240fs4275,,,0000007961
druid:xp252ws0009,,,0000007962
druid:py541cz4055,,,0000008156
druid:nr843bk0882,,,0000007968
druid:xn929tn4863,,,0000008157
druid:jj521dr0918,,,0000008158
druid:kp498jk2289,,,0000008155
druid:zq549nb4978,,,0000008659
druid:yk251zy5706,,,0000007967
druid:hf509rx2654,,,0000007973
druid:xx035cr5854,,,0000008660
druid:zm663qx5559,,,0000008658
druid:dy699kx0543,,,0000008657
druid:qm498fb2052,,,0000008654
druid:bs284yq0548,,,0000007974
druid:rc796zf6225,,,0000007976
druid:hs574tp6792,,,0000008160
druid:pv777qr7023,,,0000007978
druid:hs456sq0950,,,0000007981
druid:tm093ng9248,,,0000008154
druid:dc058zq5428,,,0000007965
druid:bj455zv2820,,,0000008138
druid:vg021mg8299,,,0000007983
druid:xm000rr4747,,,0000008664
druid:kx669bf4241,,,0000007984
druid:gs653bn3397,,,0000007985
druid:dm734vk4903,,,0000008151
druid:zg432qy3599,,,0000008162
druid:nm547ws8252,,,0000007977
druid:md873vj6866,,,0000008665
druid:fp958yg5311,,,0000007987
druid:vg835tb8142,,,0000008161
druid:tq978kc5529,,,0000008666
druid:bg967bh2013,,,0000008662
druid:gz388km6553,,,0000007988
druid:rx709vp4302,,,0000008168
druid:td066yr4229,,,0000008167
druid:hb892wh6170,,,0000008668
druid:cd251pq9305,,,0000008169
druid:hg395hf9169,,,0000008164
druid:kt612zt7660,,,0000007970
druid:fs712rs0591,,,0000007989
druid:yp749ws6875,,,0000008669
druid:wf857tj3102,,,0000008667
druid:gy194ky2113,,,0000008670
druid:cd840dt2257,,,0000007998
druid:ss254cm1153,,,0000008166
druid:bk422by4617,,,0000007990
druid:sf872cx8136,,,0000007995
druid:jh857kq3118,,,0000007997
druid:jf913dz7172,,,0000007991
druid:rf064kd7453,,,0000008671
druid:xn898ws5530,,,0000007993
druid:kv490fh0380,,,0000008165
druid:xb592vf9292,,,0000008170
druid:pg232np3919,,,0000007969
druid:pw546wk6881,,,0000008003
druid:kg274nn1872,,,0000008004
druid:kh451yb0256,,,0000008002
druid:wg160pt9174,,,0000008005
druid:zs875cd0183,,,0000008130
druid:qh048fm2055,,,0000007935
druid:jd961jw1124,,,0000008010
druid:wc508qm8404,,,0000007939
druid:st454xr1842,,,0000008012
druid:bk070bs5463,,,0000008001
druid:df041xm8131,,,0000008171
druid:qf117rz9221,,,0000008661
druid:yv096yc6652,,,0000008014
druid:sp126ny8947,,,0000008152
druid:tx747jd8716,,,0000008019
druid:mk589qy0871,,,0000008016
druid:kp554gx5896,,,0000008018
druid:zd098yr7056,,,0000008672
druid:ww069wb6390,,,0000008022
druid:jq578hh1301,,,0000008675
druid:gd337dj1396,,,0000008172
druid:mv378xx2233,,,0000008017
druid:pf273xh9146,,,0000008020
druid:wn634gs0635,,,0000008674
druid:rz419sg7153,,,0000007982
druid:qh952nz6151,,,0000008021
druid:mt490zh6706,,,0000008023
druid:zm182kq6548,,,0000008677
druid:pz139ty9723,,,0000007889
druid:vc469br5348,,,0000007890
druid:px070kf5144,,,0000007895
druid:sj995pm3375,,,0000007896
druid:rr517yt7660,,,0000008007
druid:bt143qp7255,,,0000008676
druid:rh950ft4404,,,0000007932
druid:yn427qq7520,,,0000008024
druid:rh503ph1457,,,0000008174
druid:rh050gc3081,,,0000008678
druid:mk694cy4638,,,0000008025
druid:cd112tp9313,,,0000008175
druid:ff957rn1410,,,0000008027
druid:ht309jm5666,,,0000008031
druid:mr873fh6360,,,0000008032
druid:xc637rx8065,,,0000008178
druid:fq035kx1853,,,0000008176
druid:jr523yy5456,,,0000008177
druid:sj680dp3081,,,0000008179
druid:bb876gs9072,,,0000008679
druid:sy076hp2674,,,0000008034
druid:fy046db8726,,,0000008029
druid:jh958rv5736,,,0000008036
druid:jz908jz9375,,,0000008037
druid:zw070dz1368,,,0000008181
druid:sp744nj9188,,,0000008180
druid:ms911hv5230,,,0000008680
druid:dv540yb4558,,,0000008681
druid:sj080yf2289,,,0000008038
druid:vn602gd9499,,,0000008182
druid:qx734fr0137,,,0000008039
druid:tn807dg0159,,,0000008030
druid:dp334dn5706,,,0000008683
druid:fy882yn1499,,,0000008050
druid:fc986dc3371,,,0000008044
druid:vg914qx6445,,,0000007996
druid:tb470sj2299,,,0000008139
druid:qf217vp1733,,,0000008047
druid:dx068vm7765,,,0000008049
druid:gb160vd5738,,,0000008053
druid:xb013vd9564,,,0000008051
druid:xj839rr9301,,,0000008188
druid:sh179cx5166,,,0000008186
druid:sy759mp1646,,,0000008184
druid:hr193tr6765,,,0000008185
druid:qh539kf5890,,,0000008189
druid:fp640fc4642,,,0000008054
druid:vy725kv2586,,,0000008011
druid:fn897wh2511,,,0000008046
druid:mf545qw7152,,,0000008009
druid:ks976bx6849,,,0000008685
druid:tv531yz5755,,,0000008663
druid:gk451qb0009,,,0000007992
druid:cn308ns8062,,,0000008687
druid:tx323ns5706,,,0000008055
druid:tc690sd0993,,,0000008056
druid:dq976nb7273,,,0000008190
druid:bs315mk4644,,,0000008059
druid:rg248ch3218,,,0000008193
druid:nn483tk2665,,,0000008060
druid:fc692xm6381,,,0000008061
druid:mn803xn3199,,,0000008064
druid:nq003dk1139,,,0000008065
druid:qq117hq5658,,,0000008066
druid:sg756xs1514,,,0000008200
druid:rv030jj8363,,,0000008199
druid:sk394mq9968,,,0000008067
druid:ct446kb3604,,,0000008069
druid:jv865pq0434,,,0000008197
druid:jq092bf1088,,,0000008072
druid:fj404rq0197,,,0000008198
druid:hh687db3446,,,0000008075
druid:jg233xp9016,,,0000008074
druid:xh148jh6142,,,0000008202
druid:rc271yq5373,,,0000008078
druid:pm746tp3994,,,0000008689
druid:pg402zg5668,,,0000008203
druid:sx401xv8319,,,0000007972
druid:qz140zy4633,,,0000008081
druid:xx329cf7625,,,0000008079
druid:nb187nk1548,,,0000008686
druid:vh417hh3745,,,0000008083
druid:xh896tr8637,,,0000008206
druid:dp210xz4433,,,0000007999
druid:dk585qj9573,,,0000008082
druid:gr123xc0634,,,0000008085
druid:xc262sj7571,,,0000008207
druid:vr609df7082,,,0000008035
druid:pd244cm6715,,,0000008208
druid:rq960kc4658,,,0000008194
druid:kz549zf1593,,,0000008691
druid:mq813gf3818,,,0000008086
druid:gw112yr7474,,,0000008088
druid:gk366nv9051,,,0000008045
druid:mh270cs4189,,,0000008209
druid:xw007pm6673,,,0000008076
druid:kn424yh3470,,,0000008087
druid:pj986kf7099,,,0000008690
druid:hh558nq4754,,,0000008068
druid:wv211gg6808,,,0000008163
druid:wg296tj4589,,,0000008692
druid:rh567bh6046,,,0000008090
druid:vv506hj2299,,,0000008211
druid:mz311kj7249,,,0000008693
druid:yw464gd5527,,,0000008089
druid:dx038hq9888,,,0000008694
druid:sx476yy0541,,,0000008213
druid:sg808bx0923,,,0000008006
druid:qs577yf1955,,,0000008092
druid:vx181zn2297,,,0000008093
druid:sp774ty2819,,,0000008695
druid:cr279jb7177,,,0000008696
druid:xp405hn3031,,,0000008077
druid:wp128xy5795,,,0000008697
druid:rk782zk1160,,,0000008212
druid:jx031kt9264,,,0000008216
druid:zf479zs7074,,,0000008080
druid:rg851tg2486,,,0000007960
druid:ct105hx8653,,,0000008217
druid:cr516hw8291,,,0000008218
druid:gg952qb9429,,,0000008698
druid:xf872vs2626,,,0000008699
druid:yq215bs2243,,,0000008220
druid:xg952ns2082,,,0000008214
druid:yt550pv4632,,,0000008219
druid:rq963mf0805,,,0000008701
druid:ty274tg4568,,,0000008221
druid:ts378cc1735,,,0000008703
druid:vc528ch8489,,,0000008702
druid:xc546rn2188,,,0000008700
druid:hk823qg0346,,,0000008223
druid:tq379bg0231,,,0000008704
druid:hb473cx2436,,,0000008224
druid:xy037fr6454,,,0000008222
druid:qg141sx2162,,,0000008225
druid:qx019vr3714,,,0000008705
druid:nt307vz3483,,,0000008228
druid:qy138ks5145,,,0000008707
druid:qv531wk6979,,,0000008708
druid:fs901kz2198,,,0000008231
druid:bp308xk2511,,,0000008232
druid:db498ws0292,,,0000008713
druid:wj429qg3646,,,0000008230
druid:jk266yw1361,,,0000008710
druid:ks162yy4880,,,0000008712
druid:fc454kd9643,,,0000008234
druid:qw668jq3191,,,0000008233
druid:vf688xd0998,,,0000008201
druid:ss483gr7026,,,0000008237
druid:fk697gv2599,,,0000008238
druid:qj030hj5719,,,0000008715
druid:ks452hc6793,,,0000008716
druid:qb884wb9709,,,0000008239
druid:kj587cc3450,,,0000008684
druid:hb257zs8594,,,0000008173
druid:yw990jm2048,,,0000008149
druid:kp034qx4985,,,0000008240
druid:dp005hd1487,,,0000008717
druid:db120nr1241,,,0000008241
druid:pv551gz7682,,,0000008226
druid:rq206js2148,,,0000008720
druid:jr721wr1404,,,0000008242
druid:rn003cb3724,,,0000008246
druid:tm184gy5581,,,0000008723
druid:yn481jm4110,,,0000008688
druid:qz358nw8255,,,0000008721
druid:rs761dh7366,,,0000008722
druid:tn249zy5641,,,0000008714
druid:gf033sv1572,,,0000008097
druid:cs071hw8313,,,0000008248
druid:vc924nh9683,,,0000008728
druid:sg235nc4797,,,0000008250
druid:xy098dx4030,,,0000008251
druid:zx757td6773,,,0000008099
druid:yn803qw5886,,,0000008249
druid:jy884ds2562,,,0000007730
druid:xy114jv5352,,,0000007833
druid:zs859yw5043,,,0000007839
druid:nf470sd9819,,,0000007844
druid:cn091qt4932,,,0000008252
druid:jp145pv0596,,,0000008730
druid:zk368fq4853,,,0000008729
druid:zj365cd6377,,,0000008256
druid:mc823ph3377,,,0000008253
druid:mx606hx2868,,,0000008254
druid:fk415fj3620,,,0000008673
druid:pq620kg9635,,,0000008229
druid:dh624nr3303,,,0000008195
druid:vz644wp2671,,,0000008255
druid:nr713jy3895,,,0000008726
druid:cy219nb4532,,,0000008244
druid:hv033hq4005,,,0000008183
druid:cy914nj6303,,,0000007907
druid:rg119xj8026,,,0000008641
druid:ws107qj0089,,,0000008725
druid:kf830jr4476,,,0000008215
druid:qg350hg3257,,,0000008682
druid:xd999bd9327,,,0000008247
druid:wq739cf8580,,,0000008245
druid:jr360wt7493,,,0000008731
druid:dj554yf5340,,,0000008243
druid:ws144pt9632,,,0000008196
druid:wm876jf4432,,,0000008653
druid:sd994xk5988,,,0000008734
druid:db268zc8153,,,0000008205
druid:wb427yd8261,,,0000008724
druid:mt764fr4721,,,0000008159
druid:wb963pr7780,,,0000008733
druid:sd395gx8779,,,0000008192
druid:bp512qm1448,,,0000008191
druid:qx913gw8915,,,0000008735
druid:gj381bw4302,,,0000008204
druid:gj537sf6980,,,0000008210
druid:cd864ww6546,,,0000008737
druid:bm762xp0592,,,0000008709
druid:vy515sf1553,,,0000008235
druid:bp500pk3828,,,0000008187
druid:sy883xk4496,,,0000008727
druid:yt738pj5659,,,0000008227
druid:nx484qs6907,,,0000008706
druid:qt237zw3364,,,0000008236
druid:tg840gt7368,,,0000008738
druid:bg204kc1831,,,0000008739
druid:fd362xf5942,,,0000008257
druid:zs696tv7461,,,0000008741
druid:vm958rq6546,,,0000008740
druid:nm816vj9464,,,0000008259
druid:qn148ph7611,,,0000008743
druid:hg504vm8131,,,0000008260
druid:bb869hj6992,,,0000008745
druid:zm982wf9873,,,0000008746
druid:cc147zm9164,,,0000008747
druid:dz168hk6423,,,0000008261
druid:zs076hc8844,,,0000008262
druid:md977xh3664,,,0000008748
druid:kf188tp3263,,,0000008744
druid:rq588tb3132,,,0000008263
druid:bq876mk7861,,,0000008264
druid:zq664vh2705,,,0000008258
druid:dy280kc8571,,,0000008750
druid:rs219rc3467,,,0000008751
druid:pg979xv3389,,,0000008736
druid:pr682wc9541,,,0000008265
druid:xw289mz1340,,,0000008266
druid:qf800ym3867,,,0000008267
druid:sy008bn3924,,,0000008268
druid:yk689jc4076,,,0000008754
druid:wd143cm4382,,,0000008755
druid:kt775dj4761,,,0000008753
druid:zn070qt1437,,,0000008269
druid:ct926sn7996,,,0000008756
druid:rb648hk6794,,,0000008270
druid:xh147st9899,,,0000008759
druid:xj107pd6601,,,0000008271
druid:wq892nb6677,,,0000008272
druid:qn751ny8722,,,0000008273
druid:pp623yb5881,,,0000008761
druid:pz329rq7861,,,0000008749
druid:sh607bz8649,,,0000008275
druid:kz670mm5198,,,0000008732
druid:cc194cm5449,,,0000008764
druid:kg207vd1634,,,0000008277
druid:dk927ph9825,,,0000008766
druid:ww428zp8348,,,0000008278
druid:dg865dp7819,,,0000008768
druid:bk090rp1129,,,0000008279
druid:kx926tq7022,,,0000008767
druid:gw772rr4066,,,0000008280
druid:kj020rh6303,,,0000008274
druid:jr419dt3111,,,0000008770
druid:gw532kb8052,,,0000008281
druid:gr565vm0306,,,0000008769
druid:yw744mq0218,,,0000008771
druid:wb621fh6868,,,0000008283
druid:jm343dd1980,,,0000008774
druid:yb892hx6374,,,0000008773
druid:gy850wq6378,,,0000008284
druid:ws309yz7055,,,0000008276
druid:qc264fr2693,,,0000008282
druid:rx403rd5035,,,0000008757
druid:zq283mk8659,,,0000008285
druid:hq222wt5981,,,0000008780
druid:qk530xy8778,,,0000008777
druid:jx184py2458,,,0000008776
druid:yd981nh4185,,,0000008286
druid:kk533yj7758,,,0000008765
druid:kf181jf4807,,,0000008781
druid:bp144bq0415,,,0000008287
druid:gh860nz3322,,,0000008288
druid:bd348gx3746,,,0000008783
druid:jm247mt1272,,,0000008784
druid:mg542fs6328,,,0000008785
druid:mh468vh5576,,,0000008789
druid:kg818rg5132,,,0000008788
druid:vg857qx8120,,,0000008786
druid:js994xd8093,,,0000008289
druid:vs144rs2446,,,0000008290
druid:jy944hb5079,,,0000008752
druid:xr588df1785,,,0000008291
druid:ws092br2248,,,0000008791
druid:bv491xx7172,,,0000008794
druid:mb262qp1973,,,0000008292
druid:kt607mx8679,,,0000008792
druid:nm585pw3295,,,0000008795
druid:hr656vn9870,,,0000008796
druid:xh962qh7961,,,0000008294
druid:wm505vn4423,,,0000008790
druid:wd731dq0369,,,0000008295
druid:sj274vc2112,,,0000008296
druid:vg672mv8502,,,0000008800
druid:hw986hw5136,,,0000008803
druid:tx547gq0625,,,0000008298
druid:fz359hn4573,,,0000008299
druid:ds113mn3878,,,0000008300
druid:zw526cm0471,,,0000008802
druid:ys432pr6718,,,0000008772
druid:cz774gx7589,,,0000008793
druid:gc174pz1571,,,0000008301
druid:pk740jh0811,,,0000008804
druid:bp374yv9306,,,0000008805
druid:pt157rf6267,,,0000008303
druid:qx792hd7022,,,0000008806
druid:gc488wf9983,,,0000008808
druid:kp331vy7335,,,0000008305
druid:bk150br7068,,,0000008810
druid:yj908vp2171,,,0000008304
druid:nb059gc4353,,,0000008307
druid:fb095bx3150,,,0000008811
druid:px830gk5680,,,0000008812
druid:nt088bh4194,,,0000008309
druid:dh344ms5016,,,0000008813
druid:sr155wq1248,,,0000008814
druid:hf228sh9665,,,0000008815
druid:zj411yx1243,,,0000008718
druid:hc981qt9024,,,0000008798
druid:sz547qy9526,,,0000008801
druid:ks530xs2718,,,0000008311
druid:vk245ft0630,,,0000008711
druid:vs945my9796,,,0000008314
druid:fm314xs6640,,,0000008313
druid:hy400rj1686,,,0000008820
druid:xk472sg1984,,,0000008818
druid:sf528sy1627,,,0000008779
druid:xn110cg7121,,,0000008321
druid:wm483jg6571,,,0000008323
druid:fj551ps3220,,,0000008324
druid:gb995rt5179,,,0000008822
druid:sk676zf3930,,,0000008821
druid:kc994fz7649,,,0000008824
druid:rk048mc4872,,,0000008827
druid:gz237qn0018,,,0000008325
druid:fv392zx5704,,,0000008829
druid:rh488yh0972,,,0000008823
druid:sx470yj5203,,,0000008835
druid:ts815tb4849,,,0000008322
druid:xm602yw0635,,,0000008326
druid:th898zw5040,,,0000008327
druid:tc342nz5000,,,0000008836
druid:mz221hz7239,,,0000008838
druid:pt156hx6644,,,0000008328
druid:hr472kk9683,,,0000008839
druid:hp062mr4328,,,0000008329
druid:cv948sj9645,,,0000008312
druid:zt425jt1140,,,0000008330
druid:mf470sn6849,,,0000008332
druid:kz959rh5101,,,0000008846
druid:qw391vb0968,,,0000008333
druid:vj240rn0148,,,0000008338
druid:rw521zn9790,,,0000008334
druid:yw770rs8270,,,0000008315
druid:tv945jg7422,,,0000008337
druid:mg944wk8106,,,0000008847
druid:fy671rd8583,,,0000008339
druid:bg829nj2270,,,0000008848
druid:cz962kd1655,,,0000008849
druid:zr161gj3729,,,0000008841
druid:dc260qb6358,,,0000008342
druid:kg677jf0057,,,0000008343
druid:vr693cz0711,,,0000008310
druid:dw070rz3676,,,0000008344
druid:xz033fw8864,,,0000008346
druid:kj320pg9830,,,0000008336
druid:sf472mk6433,,,0000008855
druid:xg033vd7236,,,0000008297
druid:ph076kk9546,,,0000008347
druid:kt446xv8787,,,0000008345
druid:zm251pz1533,,,0000008856
druid:wr109zn4354,,,0000008348
druid:vw834bb8776,,,0000008775
druid:ht233ft1963,,,0000008857
druid:fp397ds6833,,,0000008350
druid:yr557xw4020,,,0000008351
druid:cf245dv6582,,,0000008758
druid:jr975jf6543,,,0000008859
druid:mw659bn1710,,,0000008352
druid:mn350tb8500,,,0000008762
druid:gd609gc3205,,,0000008817
druid:zm852sh1494,,,0000008354
druid:df532qs5050,,,0000008844
druid:wh482tm3327,,,0000008349
druid:fn558wk9785,,,0000008850
druid:gj432wn5811,,,0000008826
druid:qx569ds1499,,,0000008834
druid:pw029qz2487,,,0000008355
druid:qc603tq9656,,,0000008356
druid:jb649zb4746,,,0000008357
druid:sp360wc2069,,,0000008862
druid:bs149px1779,,,0000008359
druid:zj119tb2028,,,0000008361
druid:nm995ps4623,,,0000008861
druid:hf729kf3190,,,0000008863
druid:pz042ng6051,,,0000008865
druid:kh071xt8799,,,0000008816
druid:rs123rn9003,,,0000008360
druid:zv003vd9732,,,0000008358
druid:wv950cd0334,,,0000008853
druid:fr414tz0559,,,0000008864
druid:vy396mp5547,,,0000008832
druid:jt588nb0353,,,0000008362
druid:rp079by6171,,,0000008308
druid:kg930wk8262,,,0000008363
druid:rd907hk5005,,,0000008306
druid:cj174dz8078,,,0000008331
druid:yz747qq9787,,,0000008854
druid:zm335kf0937,,,0000008316
druid:xt954yp7889,,,0000008317
druid:st387gb9738,,,0000008870
druid:rz656dv8358,,,0000008302
druid:sx733bv4587,,,0000008341
druid:gn280rg9424,,,0000008828
druid:pf355zz9227,,,0000008335
druid:xk498jg1968,,,0000008866
druid:rw498hg4611,,,0000008872
druid:zb117jy9174,,,0000008318
druid:gb534fn0007,,,0000008340
druid:kf953ry7516,,,0000008876
druid:mt842sf8643,,,0000008320
druid:cv744wt5515,,,0000008353
druid:nq750zq8333,,,0000008319
druid:jn171pq2159,,,0000008293
druid:wv801pb2888,,,0000008878
druid:ch671jq4294,,,0000008799
druid:jn418kq3180,,,0000007636
druid:gq639xh0614,,,0000008840
druid:pf447rk1452,,,0000008364
druid:cw154vb8832,,,0000008365
druid:wh477ky4697,,,0000008881
druid:bs792qx5462,,,0000008366
druid:nj519jy6623,,,0000008367
druid:fg679jm8655,,,0000008880
druid:fd921gs1801,,,0000008882
druid:cg208fm9826,,,0000008368
druid:qs870pj6857,,,0000008369
druid:zb653fg1199,,,0000008370
druid:cy646jb5501,,,0000008843
druid:mf756gh2541,,,0000008885
druid:gv265vn3499,,,0000008372
druid:xc836kt3684,,,0000008373
druid:jq709wf2182,,,0000008888
druid:vj749dt7188,,,0000008874
druid:gg752rx2251,,,0000008890
druid:zg146qd2486,,,0000008375
druid:hh754jn1534,,,0000008889
druid:dy744ys8758,,,0000008371
druid:kd190jy9988,,,0000008886
druid:cj882rf6823,,,0000008374
druid:mz521bt9619,,,0000008887
druid:wk886kt8795,,,0000008831
druid:yv956xx9093,,,0000008376
druid:yx121mv0453,,,0000008891
druid:fr445th8838,,,0000008377
druid:vw016ts7713,,,0000008378
druid:ms358cw7802,,,0000008380
druid:nj753hw9922,,,0000008869
druid:yf024jm4134,,,0000008379
druid:mp952br3417,,,0000008879
druid:hs511rc0790,,,0000008892
druid:xy969wr5914,,,0000008893
druid:cb504rx1625,,,0000008381
druid:cn643kw2881,,,0000008382
druid:wn741qf1431,,,0000008894
druid:jq039rm2269,,,0000008383
druid:gc181wc3848,,,0000008384
druid:fb195zd8821,,,0000008897
druid:mn208ct3165,,,0000008896
druid:dx032nr1384,,,0000008385
druid:cy973hp5937,,,0000008899
druid:pt676cd9907,,,0000008387
druid:mx717gj0608,,,0000008898
druid:ht289fs3337,,,0000008388
druid:pp821xb7996,,,0000008390
druid:mx030xm6824,,,0000008389
druid:td747vb1320,,,0000008902
druid:sx581nv7677,,,0000008875
druid:nd373pq4764,,,0000008901
druid:tw526wy4163,,,0000008391
druid:kp746rx2589,,,0000008903
druid:kd437ws5619,,,0000008760
druid:zk554px2595,,,0000008842
druid:fk362bt5878,,,0000008797
druid:tj834mw6777,,,0000008393
druid:my863wx9641,,,0000008719
druid:vk633nd9864,,,0000008905
druid:ns695px9105,,,0000008868
druid:mx358kn2699,,,0000008395
druid:vm071cx2792,,,0000008852
druid:mf237ms4294,,,0000008397
druid:yn775mg8974,,,0000008398
druid:kx924dc6930,,,0000008909
druid:zb135rg0357,,,0000008910
druid:fy249jg2711,,,0000008392
druid:gj378zn8906,,,0000008399
druid:qf475dz9851,,,0000008911
druid:dh470mz0001,,,0000008400
druid:tf102cf9121,,,0000008401
druid:yk503fd5318,,,0000008405
druid:sc298fh0773,,,0000008913
druid:df658ht9106,,,0000008914
druid:gm201bt9417,,,0000008916
druid:rh709tk7073,,,0000008915
druid:wn444fj6649,,,0000008918
druid:ky334ry9185,,,0000008404
druid:pf948gp0035,,,0000008920
druid:dn461wq0784,,,0000008406
druid:gw991vt5365,,,0000008917
druid:pk343gn7701,,,0000008922
druid:rz881dr8620,,,0000008921
druid:yn404hh9734,,,0000008407
druid:tm534xm3595,,,0000008408
druid:ch299sf4878,,,0000008924
druid:gc277qj5340,,,0000008409
druid:sn393gd4411,,,0000008907
druid:fs026ky0561,,,0000008873
druid:bf544xf3904,,,0000008410
druid:nc796rp3408,,,0000008926
druid:rm124wf4080,,,0000008411
druid:hx805fq4885,,,0000008927
druid:ps776zy1670,,,0000008412
druid:fm635st7810,,,0000008413
druid:fh513cm8153,,,0000008925
druid:zm017yr2171,,,0000008414
druid:ys577qk2513,,,0000008929
druid:kd080hc0217,,,0000008416
druid:sp960br3274,,,0000008867
druid:rs559sw1389,,,0000008417
druid:rx108vv0254,,,0000008934
druid:gw405rz9311,,,0000008421
druid:gw920rq6947,,,0000008904
druid:tj863pj7694,,,0000008912
druid:sb956xt8745,,,0000008423
druid:yx726cb2113,,,0000008402
druid:tx556wx3603,,,0000008424
druid:xh531gg2984,,,0000008425
druid:bs011gx3793,,,0000008933
druid:yy514rd6522,,,0000008426
druid:vj615mc2217,,,0000008936
druid:kf620rp0138,,,0000008937
druid:cb096wz6175,,,0000008427
druid:sz395np2878,,,0000008429
druid:ft563mt0968,,,0000008928
druid:nj176md3672,,,0000008430
druid:vc045sh6351,,,0000008938
druid:bp725dp5847,,,0000008419
druid:xs855tv8159,,,0000008433
druid:hw190jq4736,,,0000008782
druid:hw276mn5408,,,0000008932
druid:bx457cv7250,,,0000008431
druid:mq208rn7830,,,0000008432
druid:rw804qq1428,,,0000008877
druid:zr476vq5466,,,0000008858
druid:tr963pc9504,,,0000008434
druid:yx427br7566,,,0000008439
druid:xm273rj1003,,,0000008763
druid:fv290sn7548,,,0000008923
druid:md175nz3808,,,0000008931
druid:dj449dg7488,,,0000008437
druid:cc380vk6149,,,0000008442
druid:xb656xk9170,,,0000008825
druid:sw855vz6069,,,0000008935
druid:cx146yt9252,,,0000008443
druid:gw743pk3869,,,0000008444
druid:tt864zs5485,,,0000008845
druid:sn383mk8063,,,0000008778
druid:td650bk3494,,,0000008871
druid:tf713ft9354,,,0000008787
druid:xt651mc7105,,,0000008919
druid:dm465ry2520,,,0000008446
druid:td639sw3176,,,0000008447
druid:zy269xp2542,,,0000008448
druid:bv657pp5981,,,0000008807
druid:kc572yj4758,,,0000008930
druid:nj675kr8706,,,0000008428
druid:fv070dn6727,,,0000008449
druid:wc469hf4106,,,0000008860
druid:gw796qp4449,,,0000008900
druid:zg959hn5296,,,0000008450
druid:gg202zz3763,,,0000008451
druid:hg920mg1992,,,0000008742
druid:sq121yh7441,,,0000008452
druid:wx673rx3650,,,0000008883
druid:ny103rx5921,,,0000008837
druid:fj614ds5383,,,0000008809
druid:mr502pp4418,,,0000008453
druid:vw255ct2479,,,0000008455
druid:pv383pd8838,,,0000008456
druid:zd624tb0499,,,0000008819
druid:vr023fq5143,,,0000008895
druid:ht121tz9241,,,0000008851
druid:sf776wm9525,,,0000008458
druid:kk851jj6905,,,0000008939
druid:rc480cx2182,,,0000008459
druid:cm580qq5335,,,0000008908
druid:bw792qh6551,,,0000008461
druid:tp697xc0955,,,0000008830
druid:wv879qj0385,,,0000008463
druid:rz289sr3469,,,0000008652
druid:td908gx2536,,,0000008884
druid:ww353xz5308,,,0000008906
druid:sb930kp8385,,,0000008465
druid:st056pp9441,,,0000008462
druid:mz469rn9516,,,0000008833
druid:wn205kz3638,,,0000008467
druid:bp902br3190,,,0000008440
druid:hd805zw0156,,,0000008466
druid:rv006dc6491,,,0000008468
druid:kx045dc2211,,,0000008940
druid:yt513kn5953,,,0000008469
druid:gb066fk7861,,,0000008941
druid:bt667fw0636,,,0000008470
druid:gn292cy0095,,,0000008472
druid:pd778ny1280,,,0000008942
druid:hk996zw7122,,,0000008473
druid:cc809pt5360,,,0000008943
druid:qh852cy6710,,,0000008474
druid:yc661nd1828,,,0000008944
druid:zm366wd6679,,,0000008475
druid:bn327hm6015,,,0000008945
druid:pk260ng3138,,,0000008478
druid:ft138nx8050,,,0000008479
druid:jq175bv9533,,,0000008485
druid:br363xz6870,,,0000008482
druid:gn006yx1003,,,0000008481
druid:nz365qq5966,,,0000008436
druid:jr983jv5357,,,0000008488
druid:hh334vn9663,,,0000008947
druid:jn733mf2052,,,0000008487
druid:xt860jd3240,,,0000008486
druid:wr579my8372,,,0000008454
druid:ck812pk4618,,,0000008946
druid:fj358cx0003,,,0000008489
druid:cp200pt0640,,,0000008950
druid:rz287qz6925,,,0000008492
druid:qv910sm1941,,,0000008949
druid:zg900hv1619,,,0000008951
druid:pd556cg8995,,,0000008491
druid:qh673zw4863,,,0000008952
druid:gy493zf6621,,,0000008441
druid:mv779vk8233,,,0000008493
druid:kh437qm0234,,,0000008495
druid:sr826nj9886,,,0000008496
druid:nr685sy8586,,,0000008954
druid:xk611wx4493,,,0000008953
druid:nf369jp4695,,,0000008955
druid:jp178jm2995,,,0000008477
druid:kf654nf5630,,,0000008499
druid:tc754bf8020,,,0000008460
druid:ck932vz5890,,,0000008956
druid:wm006cg9732,,,0000008957
druid:wr142hx9913,,,0000008501
druid:bm119xm7699,,,0000008497
druid:jj953hz0196,,,0000008958
druid:mc110rk4236,,,0000008502
druid:qq271fx0604,,,0000008959
druid:wn797yv3753,,,0000008505
druid:cz370bh8678,,,0000008507
druid:nm132gv7105,,,0000008960
druid:zb237jp6721,,,0000008510
druid:zb182hr4567,,,0000008500
druid:rp802rv5947,,,0000008512
druid:qt755yj3904,,,0000008963
druid:rb881zd0621,,,0000008513
druid:qs635ws0207,,,0000008964
druid:cy036rf6683,,,0000008498
druid:qw400zc0878,,,0000008514
druid:hb050cx8986,,,0000008517
druid:ds741rf2067,,,0000008518
druid:pd654gz0912,,,0000008490
druid:md321dx9874,,,0000008508
druid:td002zr8408,,,0000008961
druid:yq410nj2566,,,0000008519
druid:gk798xs8144,,,0000008962
druid:gk337yh1082,,,0000008965
druid:hm338vy9752,,,0000008966
druid:yq017zc6963,,,0000008415
druid:fj130sm4960,,,0000008524
druid:ky237km2272,,,0000008525
druid:yv960fg3905,,,0000008527
druid:ym770yc8819,,,0000008528
druid:wc584ws8708,,,0000008529
druid:vn982zg7219,,,0000008523
druid:qf931ph2309,,,0000008515
druid:zr275dm4793,,,0000008530
druid:hg149yv2508,,,0000008531
druid:vs342rg2015,,,0000008520
druid:xv565rm8453,,,0000008970
druid:zx674sq5709,,,0000008971
druid:ws603jy7975,,,0000008948
druid:yw746kn3833,,,0000008511
druid:kv943wz4517,,,0000008471
druid:kr176xs9593,,,0000008967
druid:qw784gm7998,,,0000008506
druid:tn970zq6499,,,0000008535
druid:yk085xh9902,,,0000008972
druid:kw071yj7937,,,0000008534
druid:qw075yj0498,,,0000008537
druid:hm058rx2810,,,0000008541
druid:rc847bc5679,,,0000008973
druid:sr048bf6281,,,0000008540
druid:kh486tp6041,,,0000008542
druid:th581vg5318,,,0000008543
druid:cw092yq2425,,,0000008976
druid:fr740yc5473,,,0000008545
druid:mh364dr0854,,,0000008544
druid:xv214cv6793,,,0000008539
druid:br114bf8393,,,0000008549
druid:ss510dw2825,,,0000008522
druid:mh437pw1231,,,0000008516
druid:bn504hv7456,,,0000008551
druid:zy244dn1573,,,0000008552
druid:df246px3344,,,0000008975
druid:fv569sv1631,,,0000008553
druid:mg648dr2492,,,0000008981
druid:vc067sy0699,,,0000008484
druid:fd551sw7936,,,0000008983
druid:mt860mt7017,,,0000008980
druid:br217kb6093,,,0000008554
druid:py015mn4075,,,0000008532
druid:cj804zg4104,,,0000008555
druid:qc509cs6632,,,0000008556
druid:ts679yt3047,,,0000008982
druid:dv054mh9668,,,0000008984
druid:zs597fq6946,,,0000008558
druid:ks116yy0252,,,0000008438
druid:gk988bm3792,,,0000008985
druid:pc199bp0701,,,0000008561
druid:mx523wr2784,,,0000008562
druid:cg641qk8811,,,0000008564
druid:qt848qd5088,,,0000008977
druid:nn655mw6101,,,0000008563
druid:kd457gs1189,,,0000008989
druid:pj726yt2204,,,0000008566
druid:bv631jv7013,,,0000008990
druid:tc268vz1402,,,0000008991
druid:ds572gc6947,,,0000008992
druid:wh054vt1015,,,0000008567
druid:th042sw3977,,,0000008569
druid:px127xy4153,,,0000008568
druid:zw179sw4070,,,0000008476
druid:gp674vx5214,,,0000008995
druid:db056gb9915,,,0000008571
druid:ns754ym5385,,,0000008557
druid:zx395rw2805,,,0000008575
druid:qd743jj0456,,,0000008574
druid:th484mz3417,,,0000008548
druid:ny166mx1858,,,0000008464
druid:rh431py7651,,,0000008996
druid:xt716fk9099,,,0000008403
druid:pf485yx4000,,,0000008997
druid:bk170hq3793,,,0000009000
druid:zm021bj6916,,,0000008435
druid:gw270nn2045,,,0000008974
druid:jb563pp1939,,,0000008978
druid:nt131sz0702,,,0000008582
druid:bq463kq0469,,,0000009002
druid:jr734rv5142,,,0000008578
druid:cg353qy9132,,,0000009003
druid:xb296fk1005,,,0000008979
druid:yp254mq7019,,,0000008580
druid:fz292zp8053,,,0000008560
druid:gr942qn0912,,,0000008581
druid:sv261jy6027,,,0000008988
druid:zr044nv4423,,,0000008565
druid:qy772ns1776,,,0000008583
druid:dm940jj3227,,,0000008592
druid:mg702sx7255,,,0000008585
druid:kb398yp3057,,,0000009005
druid:jc097kx0188,,,0000008572
druid:jy543qp2770,,,0000009007
druid:tm941qz4541,,,0000008576
druid:jq832bk1090,,,0000009009
druid:yc068wp9748,,,0000008586
druid:nk979jz2595,,,0000008588
druid:ns268vs3612,,,0000008587
druid:fn004kw9641,,,0000008536
druid:mk146zb2536,,,0000009010
druid:wc123ty6025,,,0000008570
druid:jk227nv8042,,,0000009006
druid:qj364xb4083,,,0000008591
druid:dk510pt1621,,,0000008998
druid:tq397gn7659,,,0000008590
druid:yk287dj2419,,,0000008596
druid:wz610pk5067,,,0000008597
druid:zd386dt2418,,,0000008577
druid:dk143sp4257,,,0000008547
druid:jg633hg0671,,,0000008598
druid:nw265nv5903,,,0000009015
druid:fb726kk2477,,,0000009014
druid:wb643dv8114,,,0000008445
druid:ny933wp7478,,,0000008600
druid:sx842gx9947,,,0000009017
druid:dd732zb2339,,,0000008559
druid:zv853wv3862,,,0000008606
druid:dm197cp9166,,,0000008526
druid:yf745wn1098,,,0000008601
druid:sq322tv9055,,,0000008602
druid:qq021gc7410,,,0000009018
druid:ry198sd8464,,,0000009020
druid:bf050ts9863,,,0000009019
druid:bj779br9604,,,0000008603
druid:mx142wx7479,,,0000009023
druid:pq664mz1702,,,0000009022
druid:bw199zy3697,,,0000008604
druid:bj040rx3340,,,0000008503
druid:bd998td4251,,,0000008521
druid:fp293mm3387,,,0000009026
druid:qg806fd3772,,,0000008546
druid:wc409cq6066,,,0000009016
druid:nv119rp9547,,,0000008509
druid:bz778jd8361,,,0000009025
druid:cq489bm4469,,,0000008608
druid:vg155xz1071,,,0000008420
druid:cp486fb4875,,,0000009021
druid:yj410vw9056,,,0000008609
druid:tf091hx5237,,,0000008610
druid:wq460hm1700,,,0000008613
druid:kn844fr8745,,,0000008611
druid:fv165dw2130,,,0000009031
druid:mr601dw2124,,,0000008394
druid:rw205sy7708,,,0000009033
druid:rt209xy9350,,,0000008616
druid:br335jv9606,,,0000008615
druid:nz642bn7013,,,0000008612
druid:jn194fv5657,,,0000009032
druid:tz672fr6610,,,0000008614
druid:dd120dg8894,,,0000008618
druid:ff659yg9455,,,0000009034
druid:sm295qx9833,,,0000008617
druid:tn850ss1287,,,0000008396
druid:qd054zw0429,,,0000008619
druid:jh969rw6606,,,0000008620
druid:rw511jv4108,,,0000009035
druid:bd412rv0997,,,0000008621
druid:sd521gk7507,,,0000009036
druid:jk773cp3305,,,0000008625
druid:kr375dv3729,,,0000008480
druid:mb458hk7037,,,0000008623
druid:gr989qf9868,,,0000009037
druid:bf367nn3895,,,0000008986
druid:pw700fk3337,,,0000008622
druid:yq445mr9125,,,0000008550
druid:bc203kq5555,,,0000008624
druid:bd083vq0744,,,0000008627
druid:bz633jq7835,,,0000009039
druid:vb495hv4098,,,0000009044
druid:pk658rz1153,,,0000009011
druid:xf984xk2938,,,0000009040
druid:yj470kq3695,,,0000008969
druid:kx853gk2003,,,0000009043
druid:gh371fv2168,,,0000009045
druid:xx110yj0513,,,0000009013
druid:gj848pv4893,,,0000009046
druid:fc942dq0182,,,0000009048
druid:nv133bt5905,,,0000009047
druid:yq046dp8439,,,0000009049
druid:hs106xk1484,,,0000009051
druid:kq980mm3931,,,0000009052
druid:md244pv2062,,,0000009058
druid:rw478bk4517,,,0000009059
druid:nh192hk2749,,,0000009057
druid:vk933yj4053,,,0000009055
druid:zy579bf2330,,,0000009065
druid:qj563px7413,,,0000009061
druid:pw677xc8400,,,0000009064
druid:mb138zz8719,,,0000009062
druid:jb495qn9584,,,0000009067
druid:wp071hp2456,,,0000009069
druid:pp369zj7419,,,0000009068
druid:qn911xh9571,,,0000009072
druid:cf776vd7593,,,0000009073
druid:zs793bw9095,,,0000009042
druid:vh355ph5705,,,0000009008
druid:pd096jm8732,,,0000009004
druid:mh507vd7788,,,0000009029
druid:zh549tp7186,,,0000009074
druid:yr652pc4954,,,0000009076
druid:bs936hy4767,,,0000009077
druid:cn364zj3426,,,0000009024
druid:jn205vd7739,,,0000008994
druid:hk906xs6153,,,0000009079
druid:ph281xs0428,,,0000009081
druid:mk150td1401,,,0000009082
druid:kj049bf7436,,,0000009084
druid:kz266yd9066,,,0000009083
druid:hj310qq1213,,,0000009030
druid:rt889fr9665,,,0000009056
druid:pt226mk1957,,,0000009071
druid:kc729cs5093,,,0000009089
druid:rg439dm8284,,,0000009054
druid:by103xw1518,,,0000009090
druid:tk562jm0314,,,0000009063
druid:mb147td7618,,,0000009078
druid:ps743yv6430,,,0000009066
druid:jw453mh1486,,,0000009053
druid:cn258ph6525,,,0000009041
druid:bt118qq7827,,,0000008993
druid:fn736tf4955,,,0000009075
druid:sw757yc1074,,,0000009070
druid:jk243mm2141,,,0000009080
druid:qt991qr7507,,,0000009050
druid:gp949ws9524,,,0000009060
druid:rn626wg3801,,,0000009085
druid:jv046zd4073,,,0000009038
druid:dz177dw3065,,,0000008999
druid:xk655mq8748,,,0000009027
druid:nw436bv8593,,,0000009012
druid:cp247th0446,,,0000009028
druid:mj459rt6144,,,0000008968
druid:gr982kc6837,,,0000009001
druid:hj896nn6397,,,0000008987
druid:fr390wb0855,,,0000009086
druid:mj817yb9450,,,0000009088
druid:wx065mm6183,,,0000009087
druid:ct300cb3464,,,0000007835
druid:xs109rj2550,,,0000007836
druid:dk464mx2777,,,0000007837
druid:fk885zq2558,,,0000007841
druid:kc786yb5002,,,0000007838
druid:kp533pz4708,,,0000007222
druid:gq553fj0191,,,0000007819
druid:rw501yr0818,,,0000007825
druid:yr562wy8124,,,0000007832
druid:pb229zr6487,,,0000007831
druid:cj127tx1813,,,0000007834
druid:vp193yq8765,,,0000007843
druid:wg477fd2488,,,0000007845
druid:wn922bm5946,,,0000007166
druid:cx520tr3136,,,0000007854
druid:rq433dy6205,,,0000007897
druid:dq786yr9569,,,0000007918
druid:tk250pd0327,,,0000007846
druid:ch048fm1896,,,0000007847
druid:zt547qk4495,,,0000007851
druid:py354vn3623,,,0000007853
druid:gn073vp4623,,,0000007855
druid:xp226dr0430,,,0000007857
druid:wh669cx4226,,,0000007860
druid:sn072by8942,,,0000007863
druid:cg725pt1482,,,0000007864
druid:mg901kc6668,,,0000007867
druid:dy638hs2651,,,0000007870
druid:fp029dp6096,,,0000007880
druid:rz940qj7914,,,0000007883
druid:wc355kz4460,,,0000007888
druid:nh664rg7092,,,0000007901
druid:yx801sv8482,,,0000007902
druid:rs960xv5346,,,0000007908
druid:db599tz2794,,,0000007909
druid:gt859dz3117,,,0000007910
druid:xk450gg0966,,,0000007916
druid:cf693bd7728,,,0000007919
druid:zz723hm4399,,,0000007920
druid:xr955kf3414,,,0000007924
druid:nh478bf9922,,,0000007938
druid:vg839yr9705,,,0000007943
druid:ny123sc5151,,,0000007946
druid:rb416md2024,,,0000007952
druid:fz873vf7694,,,0000007954
druid:gy212vt3793,,,0000007955
druid:xj965hm1322,,,0000007956
druid:wt529sb9384,,,0000007957
druid:tb209hh0281,,,0000007958
druid:tr210hw4978,,,0000007959
druid:km610md5945,,,0000007964
druid:np979kb7560,,,0000007966
druid:zy674kn0940,,,0000007971
druid:yf091wb4340,,,0000007975
druid:xf634tk2848,,,0000007979
druid:ps538cq4779,,,0000007980
druid:jk697vd4937,,,0000007986
druid:hj385jy4599,,,0000007994
druid:ph667qp0822,,,0000008000
druid:ng567gr1449,,,0000008008
druid:tk310ky2609,,,0000008013
druid:hr856jp8233,,,0000008015
druid:ks530rc3805,,,0000008026
druid:sr645zq3290,,,0000008028
druid:bq360qj2977,,,0000008033
druid:nk636hv9717,,,0000008040
druid:rv749vs7886,,,0000008041
druid:dj722qw1039,,,0000008042
druid:tw104dx6491,,,0000008043
druid:gq459dz5957,,,0000008048
druid:md758kh9874,,,0000008052
druid:yp379jq9808,,,0000008057
druid:yq052hp6857,,,0000008058
druid:kq800hs0924,,,0000008062
druid:th012rm9473,,,0000008063
druid:wg999qq0909,,,0000008070
druid:rd552qt8129,,,0000008071
druid:xq185xz8008,,,0000008073
druid:jv138zg1058,,,0000008084
druid:wm759gs7534,,,0000008091
druid:tc261xf2622,,,0000008094
druid:gg869mx6180,,,0000008095
druid:rp481wg6727,,,0000008096
